"id","first_name","last_name","email","timezone","balance","status","created"
"38","Admin","Admin","admin@admin.com","Africa/Abidjan","691.29","1",""
"39","shivani","sharma","sharma.mini2164@gmail.com","Asia/Kolkata","0","1","2022-02-01 06:54:48"
"40","Maahi","Agarwal","maahiagarwal028@gmail.com","Asia/Kolkata","0","1","2022-02-13 07:54:07"
"41","Ron","Bhaii","usethisemail786@gmail.com","Asia/Kolkata","0","1","2022-02-13 07:55:23"
"42","Raza","Raza","ahmedraza006suk@gmail.com","Asia/Kolkata","0","1","2022-02-14 10:16:32"
"43","ricariz","ricariza","ricariza@yahoo.com","Asia/Kolkata","0","1","2022-02-14 10:18:19"
"44","cheetachohamailm","cheetachohanmaiom","cheetachohan02@gmail.com","Asia/Kolkata","450","1","2022-02-14 10:19:59"
"45","xdskckcd","xsxxklx","haleycohn3@gmail.com","Asia/Kolkata","0","1","2022-02-14 10:21:16"
"46","Akash","Agrawal","addybhai769@gmail.com","Asia/Kolkata","50","1","2022-02-22 16:02:37"
"47","Harsh","Kumar","harshkumarnigam040@gmail.com","Asia/Kolkata","0","1","2022-03-05 09:53:06"
"48","Raju","sharma","g960930@gmail.com8360958831","Asia/Bishkek","0","1","2022-03-12 18:54:38"
"49","kundan","kumar","technicalhelperandgamer16@gmail.com","Asia/Kolkata","0","1","2022-03-28 09:57:14"
"50","kumar","chandan","fowaw63110@leafzie.com","Pacific/Midway","0","1","2022-04-14 14:26:35"
"51","kumar","durgeh","bedeco5303@hhmel.com","Pacific/Midway","87.29","1","2022-04-14 14:29:11"
"52","Gautam ","Yadav","gautam.yadav.220805@gmail.com","Asia/Kolkata","0","1","2022-05-16 08:37:01"
"53","Vishal ","Kumar ","kvishal46159@gmail.com","Asia/Urumqi","0.484","1","2022-05-20 04:05:27"
"54","Happy ","Scarlett ","happyscarlett9@gmail.com","Asia/Anadyr","0","1","2022-05-30 09:56:28"
"55","Nancy","Kumari ","namcyaim@gmail.com","Asia/Kolkata","0","1","2022-05-30 10:00:03"
"56","Sameek","Kumar","sameekstiwai@gmail.com","Asia/Kolkata","0","1","2022-05-30 10:00:46"
"57","Manu","Kumar ","manuboss@gmail.com","Asia/Kolkata","390","1","2022-05-30 10:01:24"
"58","kk","Kk","iamgreat0$@gmail.com","Asia/Kolkata","120","1","2022-05-31 10:44:02"
"59","Kausal","Aaj ","kaushal@gmail.com","Asia/Kolkata","70","1","2022-06-07 17:47:01"
"60","Nice","Hain","xlv91112@zwoho.com","Asia/Kolkata","50","1","2022-06-09 13:59:37"
"61","Example","Ghs","yja07686@zwoho.com","Asia/Kolkata","1199","1","2022-06-09 18:46:04"
"62","Nice ","Bhuu","xlv91eueu112@zwoho.com","Asia/Kolkata","50","1","2022-06-11 15:27:30"
"63","Nice","Tuuu","admi3737n@admin.com","Asia/Kolkata","101.5395","1","2022-06-11 17:47:04"
"64","Nice","Gygy","xlv914112@zwoho.com","Asia/Kolkata","100","1","2022-06-11 19:33:21"
"65","Nice","Gfh","xlv9111862@zwoho.com","Asia/Urumqi","200","1","2022-06-13 18:00:16"
"66","Nice","Dhdj","xlv91Tg112@zwoho.com","Asia/Kolkata","270","1","2022-06-15 19:12:39"
"67","Shivan","Kumar ","shivanoffical@gmail.com","Pacific/Midway","150","1","2022-07-21 17:27:53"
"68","Ujan","Ujan","ujan1336@gmail.com","Asia/Kolkata","250","1","2022-07-22 16:58:29"
"69","Yeus","Kumar","ushj@gmail.com","Asia/Kolkata","270","1","2022-07-26 18:16:15"
"70","Vinayak","Awasthi ","vinyakawak@gmail.com","Antarctica/Vostok","0","1","2022-07-27 19:35:18"
"71","Himanshu ","Kumar ","humqnshu@gmail.com","Asia/Kolkata","100","1","2022-07-30 05:37:25"
"72","Nisha","Kumari ","bisha@gmail.com","Asia/Kolkata","50","1","2022-08-01 12:04:26"
"73","Nisha","Kuamri","nishalove@gmail.com","Asia/Kolkata","50","1","2022-08-05 14:56:41"
"74","Kusgu","Kumar","kusshu@gmail.com","Asia/Kolkata","0","1","2022-08-07 06:40:25"
"75","Kausal","Sunha","myemail@gmail.com","Asia/Kolkata","250","1","2022-08-07 07:40:37"
"76","Kausal","Iaja","khana@gmail.com","Asia/Kolkata","0","1","2022-08-11 04:51:43"
"77","Kausal","Aaj ","adminEueu@admin.com","Asia/Kolkata","0","1","2022-08-11 04:54:06"
"78","Ravi","Kumar","ravichandra62913@gmail.com","Asia/Kolkata","0","1","2022-08-11 04:59:15"
